Isolate,Mean_Absorbance,Std_Absorbance,Glucose_Concentration_mM,Activity_U_mL,Specific_Activity_U_mg,Temperature_C,pH,CV_Percent
TF-001,0.8426666666666667,0.007930251502246887,10.116666666666667,84.3,86.90721649484534,35,6.5,0.9410899725767666
TF-002,0.625,0.006683312551921146,7.473333333333334,62.300000000000004,64.89583333333334,37,7.0,1.0693300083073833
TF-003,0.45966666666666667,0.006548960901462839,5.47,45.56666666666666,46.97594501718212,37,6.8,1.4247195579687104
TF-004,0.37233333333333335,0.009030811456096053,4.406666666666666,36.73333333333333,39.07801418439716,55,7.0,2.4254641332397635
TF-005,0.305,0.005715476066494087,3.5833333333333335,29.899999999999995,31.473684210526315,55,6.5,1.8739265791783892
TF-006,0.5546666666666668,0.005312459150169748,6.62,55.166666666666664,56.872852233676966,37,7.0,0.9577750871700266
TF-007,0.6963333333333334,0.005436502143433368,8.33,69.43333333333332,72.32638888888889,37,6.8,0.7807327156677886
